job_id,source,kept_snapshot,dropped_snapshot,kept_url,dropped_url
7018322,greenhouse,2026-08-17,2026-08-15,https://job-boards.greenhouse.io/doordashindia/jobs/7018322,https://job-boards.greenhouse.io/doordashindia/jobs/7018322
8023853,greenhouse,2026-08-17,2026-08-15,https://job-boards.greenhouse.io/doordashindia/jobs/8023853,https://job-boards.greenhouse.io/doordashindia/jobs/8023853
6661816,greenhouse,2026-08-17,2026-08-15,https://job-boards.greenhouse.io/doordashindia/jobs/6661816,https://job-boards.greenhouse.io/doordashindia/jobs/6661816
7647662,greenhouse,2026-08-17,2026-08-15,https://job-boards.greenhouse.io/doordashindia/jobs/7647662,https://job-boards.greenhouse.io/doordashindia/jobs/7647662
8105969,greenhouse,2026-08-17,2026-08-15,https://job-boards.greenhouse.io/doordashindia/jobs/8105969,https://job-boards.greenhouse.io/doordashindia/jobs/8105969
8017655,greenhouse,2026-08-17,2026-08-15,https://job-boards.greenhouse.io/doordashindia/jobs/8017655,https://job-boards.greenhouse.io/doordashindia/jobs/8017655
8130762,greenhouse,2026-08-17,2026-08-15,https://job-boards.greenhouse.io/doordashindia/jobs/8130762,https://job-boards.greenhouse.io/doordashindia/jobs/8130762
6264158,greenhouse,2026-08-17,2026-08-15,https://job-boards.greenhouse.io/doordashindia/jobs/6264158,https://job-boards.greenhouse.io/doordashindia/jobs/6264158
5803440,greenhouse,2026-08-17,2026-08-15,https://job-boards.greenhouse.io/doordashindia/jobs/5803440,https://job-boards.greenhouse.io/doordashindia/jobs/5803440
8016767,greenhouse,2026-08-17,2026-08-15,https://job-boards.greenhouse.io/doordashindia/jobs/8016767,https://job-boards.greenhouse.io/doordashindia/jobs/8016767
8081788,greenhouse,2026-08-17,2026-08-15,https://job-boards.greenhouse.io/doordashindia/jobs/8081788,https://job-boards.greenhouse.io/doordashindia/jobs/8081788
8073117,greenhouse,2026-08-17,2026-08-15,https://job-boards.greenhouse.io/doordashindia/jobs/8073117,https://job-boards.greenhouse.io/doordashindia/jobs/8073117
8064995,greenhouse,2026-08-17,2026-08-15,https://job-boards.greenhouse.io/doordashindia/jobs/8064995,https://job-boards.greenhouse.io/doordashindia/jobs/8064995
8067719,greenhouse,2026-08-17,2026-08-15,https://job-boards.greenhouse.io/doordashindia/jobs/8067719,https://job-boards.greenhouse.io/doordashindia/jobs/8067719
6849991,greenhouse,2026-08-17,2026-08-15,https://job-boards.greenhouse.io/doordashindia/jobs/6849991,https://job-boards.greenhouse.io/doordashindia/jobs/6849991
6281680,greenhouse,2026-08-17,2026-08-15,https://job-boards.greenhouse.io/doordashindia/jobs/6281680,https://job-boards.greenhouse.io/doordashindia/jobs/6281680
8022202,greenhouse,2026-08-17,2026-08-15,https://job-boards.greenhouse.io/doordashindia/jobs/8022202,https://job-boards.greenhouse.io/doordashindia/jobs/8022202
8000386,greenhouse,2026-08-17,2026-08-15,https://job-boards.greenhouse.io/doordashindia/jobs/8000386,https://job-boards.greenhouse.io/doordashindia/jobs/8000386
5856393,greenhouse,2026-08-17,2026-08-15,https://job-boards.greenhouse.io/doordashindia/jobs/5856393,https://job-boards.greenhouse.io/doordashindia/jobs/5856393
6281695,greenhouse,2026-08-17,2026-08-15,https://job-boards.greenhouse.io/doordashindia/jobs/6281695,https://job-boards.greenhouse.io/doordashindia/jobs/6281695
6281685,greenhouse,2026-08-17,2026-08-15,https://job-boards.greenhouse.io/doordashindia/jobs/6281685,https://job-boards.greenhouse.io/doordashindia/jobs/6281685
8021163,greenhouse,2026-08-17,2026-08-15,https://job-boards.greenhouse.io/doordashindia/jobs/8021163,https://job-boards.greenhouse.io/doordashindia/jobs/8021163
8015745,greenhouse,2026-08-17,2026-08-15,https://job-boards.greenhouse.io/doordashindia/jobs/8015745,https://job-boards.greenhouse.io/doordashindia/jobs/8015745
8082382,greenhouse,2026-08-17,2026-08-15,https://job-boards.greenhouse.io/doordashindia/jobs/8082382,https://job-boards.greenhouse.io/doordashindia/jobs/8082382
8015706,greenhouse,2026-08-17,2026-08-15,https://job-boards.greenhouse.io/doordashindia/jobs/8015706,https://job-boards.greenhouse.io/doordashindia/jobs/8015706
8099148,greenhouse,2026-08-17,2026-08-15,https://job-boards.greenhouse.io/doordashindia/jobs/8099148,https://job-boards.greenhouse.io/doordashindia/jobs/8099148
7990754,greenhouse,2026-08-17,2026-08-15,https://job-boards.greenhouse.io/doordashindia/jobs/7990754,https://job-boards.greenhouse.io/doordashindia/jobs/7990754
7590302,greenhouse,2026-08-17,2026-08-15,https://job-boards.greenhouse.io/doordashindia/jobs/7590302,https://job-boards.greenhouse.io/doordashindia/jobs/7590302
8130675,greenhouse,2026-08-17,2026-08-15,https://job-boards.greenhouse.io/doordashindia/jobs/8130675,https://job-boards.greenhouse.io/doordashindia/jobs/8130675
5166328008,greenhouse,2026-08-17,2026-08-15,https://job-boards.greenhouse.io/starrez/jobs/5166328008,https://job-boards.greenhouse.io/starrez/jobs/5166328008
5382991008,greenhouse,2026-08-17,2026-08-15,https://job-boards.greenhouse.io/starrez/jobs/5382991008,https://job-boards.greenhouse.io/starrez/jobs/5382991008
5387840008,greenhouse,2026-08-17,2026-08-15,https://job-boards.greenhouse.io/starrez/jobs/5387840008,https://job-boards.greenhouse.io/starrez/jobs/5387840008
5282145008,greenhouse,2026-08-17,2026-08-15,https://job-boards.greenhouse.io/starrez/jobs/5282145008,https://job-boards.greenhouse.io/starrez/jobs/5282145008
5220662008,greenhouse,2026-08-17,2026-08-15,https://job-boards.greenhouse.io/starrez/jobs/5220662008,https://job-boards.greenhouse.io/starrez/jobs/5220662008
5176240008,greenhouse,2026-08-17,2026-08-15,https://job-boards.greenhouse.io/starrez/jobs/5176240008,https://job-boards.greenhouse.io/starrez/jobs/5176240008
5162750008,greenhouse,2026-08-17,2026-08-15,https://job-boards.greenhouse.io/starrez/jobs/5162750008,https://job-boards.greenhouse.io/starrez/jobs/5162750008
5383029008,greenhouse,2026-08-17,2026-08-15,https://job-boards.greenhouse.io/starrez/jobs/5383029008,https://job-boards.greenhouse.io/starrez/jobs/5383029008
5247802008,greenhouse,2026-08-17,2026-08-15,https://job-boards.greenhouse.io/starrez/jobs/5247802008,https://job-boards.greenhouse.io/starrez/jobs/5247802008
5141766008,greenhouse,2026-08-17,2026-08-15,https://job-boards.greenhouse.io/starrez/jobs/5141766008,https://job-boards.greenhouse.io/starrez/jobs/5141766008
5181890008,greenhouse,2026-08-17,2026-08-15,https://job-boards.greenhouse.io/starrez/jobs/5181890008,https://job-boards.greenhouse.io/starrez/jobs/5181890008
5221829008,greenhouse,2026-08-17,2026-08-15,https://job-boards.greenhouse.io/starrez/jobs/5221829008,https://job-boards.greenhouse.io/starrez/jobs/5221829008
4922764008,greenhouse,2026-08-17,2026-08-15,https://job-boards.greenhouse.io/starrez/jobs/4922764008,https://job-boards.greenhouse.io/starrez/jobs/4922764008
5281803008,greenhouse,2026-08-17,2026-08-15,https://job-boards.greenhouse.io/starrez/jobs/5281803008,https://job-boards.greenhouse.io/starrez/jobs/5281803008
5306440008,greenhouse,2026-08-17,2026-08-15,https://job-boards.greenhouse.io/starrez/jobs/5306440008,https://job-boards.greenhouse.io/starrez/jobs/5306440008
5181888008,greenhouse,2026-08-17,2026-08-15,https://job-boards.greenhouse.io/starrez/jobs/5181888008,https://job-boards.greenhouse.io/starrez/jobs/5181888008
4922761008,greenhouse,2026-08-17,2026-08-15,https://job-boards.greenhouse.io/starrez/jobs/4922761008,https://job-boards.greenhouse.io/starrez/jobs/4922761008
4718581005,greenhouse,2026-08-17,2026-08-15,https://job-boards.greenhouse.io/techholding/jobs/4718581005,https://job-boards.greenhouse.io/techholding/jobs/4718581005
4702798005,greenhouse,2026-08-17,2026-08-15,https://job-boards.greenhouse.io/techholding/jobs/4702798005,https://job-boards.greenhouse.io/techholding/jobs/4702798005
4702797005,greenhouse,2026-08-17,2026-08-15,https://job-boards.greenhouse.io/techholding/jobs/4702797005,https://job-boards.greenhouse.io/techholding/jobs/4702797005
4702801005,greenhouse,2026-08-17,2026-08-15,https://job-boards.greenhouse.io/techholding/jobs/4702801005,https://job-boards.greenhouse.io/techholding/jobs/4702801005
4702800005,greenhouse,2026-08-17,2026-08-15,https://job-boards.greenhouse.io/techholding/jobs/4702800005,https://job-boards.greenhouse.io/techholding/jobs/4702800005
4724449005,greenhouse,2026-08-17,2026-08-15,https://job-boards.greenhouse.io/techholding/jobs/4724449005,https://job-boards.greenhouse.io/techholding/jobs/4724449005
4636097005,greenhouse,2026-08-17,2026-08-15,https://job-boards.greenhouse.io/techholding/jobs/4636097005,https://job-boards.greenhouse.io/techholding/jobs/4636097005
4697981005,greenhouse,2026-08-17,2026-08-15,https://job-boards.greenhouse.io/techholding/jobs/4697981005,https://job-boards.greenhouse.io/techholding/jobs/4697981005
4718860005,greenhouse,2026-08-17,2026-08-15,https://job-boards.greenhouse.io/techholding/jobs/4718860005,https://job-boards.greenhouse.io/techholding/jobs/4718860005
4717430005,greenhouse,2026-08-17,2026-08-15,https://job-boards.greenhouse.io/techholding/jobs/4717430005,https://job-boards.greenhouse.io/techholding/jobs/4717430005
4720655005,greenhouse,2026-08-17,2026-08-15,https://job-boards.greenhouse.io/techholding/jobs/4720655005,https://job-boards.greenhouse.io/techholding/jobs/4720655005
4013583005,greenhouse,2026-08-17,2026-08-15,https://job-boards.greenhouse.io/techholding/jobs/4013583005,https://job-boards.greenhouse.io/techholding/jobs/4013583005
4720892005,greenhouse,2026-08-17,2026-08-15,https://job-boards.greenhouse.io/techholding/jobs/4720892005,https://job-boards.greenhouse.io/techholding/jobs/4720892005
4640400005,greenhouse,2026-08-17,2026-08-15,https://job-boards.greenhouse.io/techholding/jobs/4640400005,https://job-boards.greenhouse.io/techholding/jobs/4640400005
4724476005,greenhouse,2026-08-17,2026-08-15,https://job-boards.greenhouse.io/techholding/jobs/4724476005,https://job-boards.greenhouse.io/techholding/jobs/4724476005
4697255005,greenhouse,2026-08-17,2026-08-15,https://job-boards.greenhouse.io/techholding/jobs/4697255005,https://job-boards.greenhouse.io/techholding/jobs/4697255005
4724479005,greenhouse,2026-08-17,2026-08-15,https://job-boards.greenhouse.io/techholding/jobs/4724479005,https://job-boards.greenhouse.io/techholding/jobs/4724479005
4690341005,greenhouse,2026-08-17,2026-08-15,https://job-boards.greenhouse.io/techholding/jobs/4690341005,https://job-boards.greenhouse.io/techholding/jobs/4690341005
4718492005,greenhouse,2026-08-17,2026-08-15,https://job-boards.greenhouse.io/techholding/jobs/4718492005,https://job-boards.greenhouse.io/techholding/jobs/4718492005
4691330005,greenhouse,2026-08-17,2026-08-15,https://job-boards.greenhouse.io/techholding/jobs/4691330005,https://job-boards.greenhouse.io/techholding/jobs/4691330005
ffe4888d-f948-42aa-a051-575eb589e557,lever,2026-08-17,2026-08-15,https://jobs.lever.co/dnb/ffe4888d-f948-42aa-a051-575eb589e557,https://jobs.lever.co/dnb/ffe4888d-f948-42aa-a051-575eb589e557
f22addc6-5703-4ada-a4ad-45791ec0d9d1,lever,2026-08-17,2026-08-15,https://jobs.lever.co/dnb/f22addc6-5703-4ada-a4ad-45791ec0d9d1,https://jobs.lever.co/dnb/f22addc6-5703-4ada-a4ad-45791ec0d9d1
2511d0c0-3e35-4930-b5fa-d07fe0c5fb31,lever,2026-08-17,2026-08-15,https://jobs.lever.co/dnb/2511d0c0-3e35-4930-b5fa-d07fe0c5fb31,https://jobs.lever.co/dnb/2511d0c0-3e35-4930-b5fa-d07fe0c5fb31
a75c6bff-3d50-4312-b4a9-67bab6aea421,lever,2026-08-17,2026-08-15,https://jobs.lever.co/dnb/a75c6bff-3d50-4312-b4a9-67bab6aea421,https://jobs.lever.co/dnb/a75c6bff-3d50-4312-b4a9-67bab6aea421
b93f1c68-a572-4af7-8263-cf08ef15a521,lever,2026-08-17,2026-08-15,https://jobs.lever.co/dnb/b93f1c68-a572-4af7-8263-cf08ef15a521,https://jobs.lever.co/dnb/b93f1c68-a572-4af7-8263-cf08ef15a521
25ddd8c7-7cde-4dec-9b12-f35704914b1c,lever,2026-08-17,2026-08-15,https://jobs.lever.co/dnb/25ddd8c7-7cde-4dec-9b12-f35704914b1c,https://jobs.lever.co/dnb/25ddd8c7-7cde-4dec-9b12-f35704914b1c
5526978c-bdf5-439a-8069-3be652526efa,lever,2026-08-17,2026-08-15,https://jobs.lever.co/dnb/5526978c-bdf5-439a-8069-3be652526efa,https://jobs.lever.co/dnb/5526978c-bdf5-439a-8069-3be652526efa
a8078a50-4713-45ee-b8e1-aa276a41b9e6,lever,2026-08-17,2026-08-15,https://jobs.lever.co/dnb/a8078a50-4713-45ee-b8e1-aa276a41b9e6,https://jobs.lever.co/dnb/a8078a50-4713-45ee-b8e1-aa276a41b9e6
d62d9a7c-e5a1-480e-8fc4-458c1d264c51,lever,2026-08-17,2026-08-15,https://jobs.lever.co/dnb/d62d9a7c-e5a1-480e-8fc4-458c1d264c51,https://jobs.lever.co/dnb/d62d9a7c-e5a1-480e-8fc4-458c1d264c51
78c2502f-5e8d-4a43-96ec-fa85eb2d48ca,lever,2026-08-17,2026-08-15,https://jobs.lever.co/dnb/78c2502f-5e8d-4a43-96ec-fa85eb2d48ca,https://jobs.lever.co/dnb/78c2502f-5e8d-4a43-96ec-fa85eb2d48ca
9e56a904-4762-44ef-8c0a-bdcd59fda1a6,lever,2026-08-17,2026-08-15,https://jobs.lever.co/dnb/9e56a904-4762-44ef-8c0a-bdcd59fda1a6,https://jobs.lever.co/dnb/9e56a904-4762-44ef-8c0a-bdcd59fda1a6
1484b53b-9053-4f15-95b7-432e574caf89,lever,2026-08-17,2026-08-15,https://jobs.lever.co/dnb/1484b53b-9053-4f15-95b7-432e574caf89,https://jobs.lever.co/dnb/1484b53b-9053-4f15-95b7-432e574caf89
1dc140a3-c55d-463e-afbf-1a6cb1100f3c,lever,2026-08-17,2026-08-15,https://jobs.lever.co/dnb/1dc140a3-c55d-463e-afbf-1a6cb1100f3c,https://jobs.lever.co/dnb/1dc140a3-c55d-463e-afbf-1a6cb1100f3c
a59048eb-ab98-4763-93cf-d8c775cea5e0,lever,2026-08-17,2026-08-15,https://jobs.lever.co/dnb/a59048eb-ab98-4763-93cf-d8c775cea5e0,https://jobs.lever.co/dnb/a59048eb-ab98-4763-93cf-d8c775cea5e0
7b73ec08-93cf-49fd-94cc-308b1ca5fb56,lever,2026-08-17,2026-08-15,https://jobs.lever.co/dnb/7b73ec08-93cf-49fd-94cc-308b1ca5fb56,https://jobs.lever.co/dnb/7b73ec08-93cf-49fd-94cc-308b1ca5fb56
85c93194-4353-41ef-aea0-2dd4654e20cf,lever,2026-08-17,2026-08-15,https://jobs.lever.co/dnb/85c93194-4353-41ef-aea0-2dd4654e20cf,https://jobs.lever.co/dnb/85c93194-4353-41ef-aea0-2dd4654e20cf
0d3df0e2-a049-4094-93c3-49bc14006799,lever,2026-08-17,2026-08-15,https://jobs.lever.co/dnb/0d3df0e2-a049-4094-93c3-49bc14006799,https://jobs.lever.co/dnb/0d3df0e2-a049-4094-93c3-49bc14006799
5b036f10-be76-481a-bb1d-7692854ce00e,lever,2026-08-17,2026-08-15,https://jobs.lever.co/dnb/5b036f10-be76-481a-bb1d-7692854ce00e,https://jobs.lever.co/dnb/5b036f10-be76-481a-bb1d-7692854ce00e
7a324fb7-196e-431b-bcf5-e42f0ddee3ce,lever,2026-08-17,2026-08-15,https://jobs.lever.co/dnb/7a324fb7-196e-431b-bcf5-e42f0ddee3ce,https://jobs.lever.co/dnb/7a324fb7-196e-431b-bcf5-e42f0ddee3ce
c0b7e9bd-c5a9-4b2b-952e-fb231d022e07,lever,2026-08-17,2026-08-15,https://jobs.lever.co/dnb/c0b7e9bd-c5a9-4b2b-952e-fb231d022e07,https://jobs.lever.co/dnb/c0b7e9bd-c5a9-4b2b-952e-fb231d022e07
fc34cfca-46eb-4559-a181-caf7687b17be,lever,2026-08-17,2026-08-15,https://jobs.lever.co/dnb/fc34cfca-46eb-4559-a181-caf7687b17be,https://jobs.lever.co/dnb/fc34cfca-46eb-4559-a181-caf7687b17be
89c5c78a-f29c-4f74-bf85-5bd048d5ebdd,lever,2026-08-17,2026-08-15,https://jobs.lever.co/dnb/89c5c78a-f29c-4f74-bf85-5bd048d5ebdd,https://jobs.lever.co/dnb/89c5c78a-f29c-4f74-bf85-5bd048d5ebdd
a2f9018d-3204-4d9f-b73b-570bb4f340ae,lever,2026-08-17,2026-08-15,https://jobs.lever.co/dnb/a2f9018d-3204-4d9f-b73b-570bb4f340ae,https://jobs.lever.co/dnb/a2f9018d-3204-4d9f-b73b-570bb4f340ae
64816342-d2f6-461d-870c-83047b21d2b9,lever,2026-08-17,2026-08-15,https://jobs.lever.co/dnb/64816342-d2f6-461d-870c-83047b21d2b9,https://jobs.lever.co/dnb/64816342-d2f6-461d-870c-83047b21d2b9
8bd59b6d-231c-4565-972c-00e3b5a4d843,lever,2026-08-17,2026-08-15,https://jobs.lever.co/dnb/8bd59b6d-231c-4565-972c-00e3b5a4d843,https://jobs.lever.co/dnb/8bd59b6d-231c-4565-972c-00e3b5a4d843
97df74e6-b67b-4c35-b6d4-cf13d36f4c09,lever,2026-08-17,2026-08-15,https://jobs.lever.co/dnb/97df74e6-b67b-4c35-b6d4-cf13d36f4c09,https://jobs.lever.co/dnb/97df74e6-b67b-4c35-b6d4-cf13d36f4c09
db56a41b-65d2-4edb-b64b-6f577686731f,lever,2026-08-17,2026-08-15,https://jobs.lever.co/dnb/db56a41b-65d2-4edb-b64b-6f577686731f,https://jobs.lever.co/dnb/db56a41b-65d2-4edb-b64b-6f577686731f
e1d53ceb-dd85-4cad-860c-41dd38795494,lever,2026-08-17,2026-08-15,https://jobs.lever.co/dnb/e1d53ceb-dd85-4cad-860c-41dd38795494,https://jobs.lever.co/dnb/e1d53ceb-dd85-4cad-860c-41dd38795494
2926baa9-20c3-4828-b8e6-6700322e3d61,lever,2026-08-17,2026-08-15,https://jobs.lever.co/dnb/2926baa9-20c3-4828-b8e6-6700322e3d61,https://jobs.lever.co/dnb/2926baa9-20c3-4828-b8e6-6700322e3d61
d4d27dd5-7b7f-4b5c-a5f1-dd9d81a604a2,lever,2026-08-17,2026-08-15,https://jobs.lever.co/dnb/d4d27dd5-7b7f-4b5c-a5f1-dd9d81a604a2,https://jobs.lever.co/dnb/d4d27dd5-7b7f-4b5c-a5f1-dd9d81a604a2
8eb0cdd5-1bf4-4865-9e84-7db8ec89fba2,lever,2026-08-17,2026-08-15,https://jobs.lever.co/dnb/8eb0cdd5-1bf4-4865-9e84-7db8ec89fba2,https://jobs.lever.co/dnb/8eb0cdd5-1bf4-4865-9e84-7db8ec89fba2
e69d9100-5ebf-45f5-942d-38eaffe794b6,lever,2026-08-17,2026-08-15,https://jobs.lever.co/dnb/e69d9100-5ebf-45f5-942d-38eaffe794b6,https://jobs.lever.co/dnb/e69d9100-5ebf-45f5-942d-38eaffe794b6
74d77520-53a1-49a9-817e-5771c105c31a,lever,2026-08-17,2026-08-15,https://jobs.lever.co/dnb/74d77520-53a1-49a9-817e-5771c105c31a,https://jobs.lever.co/dnb/74d77520-53a1-49a9-817e-5771c105c31a
d2deda60-7263-446e-8445-e9dab71c5d92,lever,2026-08-17,2026-08-15,https://jobs.lever.co/dnb/d2deda60-7263-446e-8445-e9dab71c5d92,https://jobs.lever.co/dnb/d2deda60-7263-446e-8445-e9dab71c5d92
62d027ea-ef93-4d8a-9ee9-4f363ae46dca,lever,2026-08-17,2026-08-15,https://jobs.lever.co/dnb/62d027ea-ef93-4d8a-9ee9-4f363ae46dca,https://jobs.lever.co/dnb/62d027ea-ef93-4d8a-9ee9-4f363ae46dca
8452ff14-7494-4e16-8ee6-3674f8fbdc83,lever,2026-08-17,2026-08-15,https://jobs.lever.co/dnb/8452ff14-7494-4e16-8ee6-3674f8fbdc83,https://jobs.lever.co/dnb/8452ff14-7494-4e16-8ee6-3674f8fbdc83
3bf62628-4549-48d5-807a-8d5fe7f3b7a3,lever,2026-08-17,2026-08-15,https://jobs.lever.co/dnb/3bf62628-4549-48d5-807a-8d5fe7f3b7a3,https://jobs.lever.co/dnb/3bf62628-4549-48d5-807a-8d5fe7f3b7a3
60cae3a5-8d67-47e1-ae98-f8477b443bdc,lever,2026-08-17,2026-08-15,https://jobs.lever.co/dnb/60cae3a5-8d67-47e1-ae98-f8477b443bdc,https://jobs.lever.co/dnb/60cae3a5-8d67-47e1-ae98-f8477b443bdc
06d71920-4d69-4701-9c9d-4c75e200789e,lever,2026-08-17,2026-08-15,https://jobs.lever.co/dnb/06d71920-4d69-4701-9c9d-4c75e200789e,https://jobs.lever.co/dnb/06d71920-4d69-4701-9c9d-4c75e200789e
049b64b0-c2d0-4ff0-b4c1-28c6a8651b82,lever,2026-08-17,2026-08-15,https://jobs.lever.co/dnb/049b64b0-c2d0-4ff0-b4c1-28c6a8651b82,https://jobs.lever.co/dnb/049b64b0-c2d0-4ff0-b4c1-28c6a8651b82
cf5eb3d5-2844-40ec-bf43-91cc65c039c8,lever,2026-08-17,2026-08-15,https://jobs.lever.co/dnb/cf5eb3d5-2844-40ec-bf43-91cc65c039c8,https://jobs.lever.co/dnb/cf5eb3d5-2844-40ec-bf43-91cc65c039c8
45697cfa-68e0-4ce8-bf25-abbeafdc4c78,lever,2026-08-17,2026-08-15,https://jobs.lever.co/dnb/45697cfa-68e0-4ce8-bf25-abbeafdc4c78,https://jobs.lever.co/dnb/45697cfa-68e0-4ce8-bf25-abbeafdc4c78
a2c6976a-bcb6-4c89-a4e5-c858967f5103,lever,2026-08-17,2026-08-15,https://jobs.lever.co/dnb/a2c6976a-bcb6-4c89-a4e5-c858967f5103,https://jobs.lever.co/dnb/a2c6976a-bcb6-4c89-a4e5-c858967f5103
9bbea5a8-65ed-4293-ba26-ed8ee2b91a94,lever,2026-08-17,2026-08-15,https://jobs.lever.co/dnb/9bbea5a8-65ed-4293-ba26-ed8ee2b91a94,https://jobs.lever.co/dnb/9bbea5a8-65ed-4293-ba26-ed8ee2b91a94
501f6255-883d-4264-875f-184a00b3dbed,lever,2026-08-17,2026-08-15,https://jobs.lever.co/dnb/501f6255-883d-4264-875f-184a00b3dbed,https://jobs.lever.co/dnb/501f6255-883d-4264-875f-184a00b3dbed
bf8877dd-ca51-4b2f-accc-f0a010dff705,lever,2026-08-17,2026-08-15,https://jobs.lever.co/dnb/bf8877dd-ca51-4b2f-accc-f0a010dff705,https://jobs.lever.co/dnb/bf8877dd-ca51-4b2f-accc-f0a010dff705
f9432b13-1ab6-419b-b521-7c955c0ce023,lever,2026-08-17,2026-08-15,https://jobs.lever.co/dnb/f9432b13-1ab6-419b-b521-7c955c0ce023,https://jobs.lever.co/dnb/f9432b13-1ab6-419b-b521-7c955c0ce023
6e5cae35-55d5-472c-9d75-2443303ce271,lever,2026-08-17,2026-08-15,https://jobs.lever.co/dnb/6e5cae35-55d5-472c-9d75-2443303ce271,https://jobs.lever.co/dnb/6e5cae35-55d5-472c-9d75-2443303ce271
a1c3418f-6891-4cb0-b8c3-1468b954d175,lever,2026-08-17,2026-08-15,https://jobs.lever.co/dnb/a1c3418f-6891-4cb0-b8c3-1468b954d175,https://jobs.lever.co/dnb/a1c3418f-6891-4cb0-b8c3-1468b954d175
996bcff8-8fcb-4589-a155-fbbebd550668,lever,2026-08-17,2026-08-15,https://jobs.lever.co/dnb/996bcff8-8fcb-4589-a155-fbbebd550668,https://jobs.lever.co/dnb/996bcff8-8fcb-4589-a155-fbbebd550668
a5c89cda-8e00-4a47-b8be-a5d1097329f1,lever,2026-08-17,2026-08-15,https://jobs.lever.co/dnb/a5c89cda-8e00-4a47-b8be-a5d1097329f1,https://jobs.lever.co/dnb/a5c89cda-8e00-4a47-b8be-a5d1097329f1
35242cba-c4d3-4eb6-a35a-db0969bbf2b0,lever,2026-08-17,2026-08-15,https://jobs.lever.co/dnb/35242cba-c4d3-4eb6-a35a-db0969bbf2b0,https://jobs.lever.co/dnb/35242cba-c4d3-4eb6-a35a-db0969bbf2b0
ddce86a8-1d41-41a1-b183-55b7391955ab,lever,2026-08-17,2026-08-15,https://jobs.lever.co/dnb/ddce86a8-1d41-41a1-b183-55b7391955ab,https://jobs.lever.co/dnb/ddce86a8-1d41-41a1-b183-55b7391955ab
7ec28332-908e-4f56-a10a-95f356dc0630,lever,2026-08-17,2026-08-15,https://jobs.lever.co/dnb/7ec28332-908e-4f56-a10a-95f356dc0630,https://jobs.lever.co/dnb/7ec28332-908e-4f56-a10a-95f356dc0630
f4e8ccf6-9d44-4bdf-9ed9-023c67cae440,lever,2026-08-17,2026-08-15,https://jobs.lever.co/dnb/f4e8ccf6-9d44-4bdf-9ed9-023c67cae440,https://jobs.lever.co/dnb/f4e8ccf6-9d44-4bdf-9ed9-023c67cae440
f8d8d294-3d4a-453d-abc2-0085becbc543,lever,2026-08-17,2026-08-15,https://jobs.lever.co/dnb/f8d8d294-3d4a-453d-abc2-0085becbc543,https://jobs.lever.co/dnb/f8d8d294-3d4a-453d-abc2-0085becbc543
050c43b7-e726-4edd-a903-fd559648bfd9,lever,2026-08-17,2026-08-15,https://jobs.lever.co/dnb/050c43b7-e726-4edd-a903-fd559648bfd9,https://jobs.lever.co/dnb/050c43b7-e726-4edd-a903-fd559648bfd9
7f71c49a-f259-4381-8e78-e04af5a9b067,lever,2026-08-17,2026-08-15,https://jobs.lever.co/dnb/7f71c49a-f259-4381-8e78-e04af5a9b067,https://jobs.lever.co/dnb/7f71c49a-f259-4381-8e78-e04af5a9b067
788765a6-d506-4d90-83e3-d630e00d29d1,lever,2026-08-17,2026-08-15,https://jobs.lever.co/dnb/788765a6-d506-4d90-83e3-d630e00d29d1,https://jobs.lever.co/dnb/788765a6-d506-4d90-83e3-d630e00d29d1
7e22d841-b7e1-460d-b16d-c74b4f06cf83,lever,2026-08-17,2026-08-15,https://jobs.lever.co/dnb/7e22d841-b7e1-460d-b16d-c74b4f06cf83,https://jobs.lever.co/dnb/7e22d841-b7e1-460d-b16d-c74b4f06cf83
8486efed-a2be-45da-bcb3-f5e6d1e955e2,lever,2026-08-17,2026-08-15,https://jobs.lever.co/dnb/8486efed-a2be-45da-bcb3-f5e6d1e955e2,https://jobs.lever.co/dnb/8486efed-a2be-45da-bcb3-f5e6d1e955e2
139d1074-05c2-4d57-99b8-a410a0fff51b,lever,2026-08-17,2026-08-15,https://jobs.lever.co/dnb/139d1074-05c2-4d57-99b8-a410a0fff51b,https://jobs.lever.co/dnb/139d1074-05c2-4d57-99b8-a410a0fff51b
b534388c-23c7-4fff-a740-f56e9f671aa6,lever,2026-08-17,2026-08-15,https://jobs.lever.co/dnb/b534388c-23c7-4fff-a740-f56e9f671aa6,https://jobs.lever.co/dnb/b534388c-23c7-4fff-a740-f56e9f671aa6
d28ad755-5686-4219-9ba9-52bf37b1b506,lever,2026-08-17,2026-08-15,https://jobs.lever.co/dnb/d28ad755-5686-4219-9ba9-52bf37b1b506,https://jobs.lever.co/dnb/d28ad755-5686-4219-9ba9-52bf37b1b506
f49f6a6c-8de0-41d3-a9d7-ed23ae19726a,lever,2026-08-17,2026-08-15,https://jobs.lever.co/dnb/f49f6a6c-8de0-41d3-a9d7-ed23ae19726a,https://jobs.lever.co/dnb/f49f6a6c-8de0-41d3-a9d7-ed23ae19726a
41ef6648-186a-4ee0-975c-a68aae3b79dc,lever,2026-08-17,2026-08-15,https://jobs.lever.co/dnb/41ef6648-186a-4ee0-975c-a68aae3b79dc,https://jobs.lever.co/dnb/41ef6648-186a-4ee0-975c-a68aae3b79dc
09291136-0d2d-43c0-9a1c-f817997012e3,lever,2026-08-17,2026-08-15,https://jobs.lever.co/dnb/09291136-0d2d-43c0-9a1c-f817997012e3,https://jobs.lever.co/dnb/09291136-0d2d-43c0-9a1c-f817997012e3
82c7c372-90e9-45f5-9f8d-c3d709c6cae6,lever,2026-08-17,2026-08-15,https://jobs.lever.co/dnb/82c7c372-90e9-45f5-9f8d-c3d709c6cae6,https://jobs.lever.co/dnb/82c7c372-90e9-45f5-9f8d-c3d709c6cae6
c80b9a72-65a6-46f8-95c9-1f3a442ff0a1,lever,2026-08-17,2026-08-15,https://jobs.lever.co/dnb/c80b9a72-65a6-46f8-95c9-1f3a442ff0a1,https://jobs.lever.co/dnb/c80b9a72-65a6-46f8-95c9-1f3a442ff0a1
f36e435c-591b-4a80-ad4a-d83ab85c80c6,lever,2026-08-17,2026-08-15,https://jobs.lever.co/dnb/f36e435c-591b-4a80-ad4a-d83ab85c80c6,https://jobs.lever.co/dnb/f36e435c-591b-4a80-ad4a-d83ab85c80c6
a56d8c1a-7b58-4a99-8090-1af6f0b35c27,lever,2026-08-17,2026-08-15,https://jobs.lever.co/dnb/a56d8c1a-7b58-4a99-8090-1af6f0b35c27,https://jobs.lever.co/dnb/a56d8c1a-7b58-4a99-8090-1af6f0b35c27
fc93ca16-82fd-42b3-8216-9ea8af73763e,lever,2026-08-17,2026-08-15,https://jobs.lever.co/dnb/fc93ca16-82fd-42b3-8216-9ea8af73763e,https://jobs.lever.co/dnb/fc93ca16-82fd-42b3-8216-9ea8af73763e
6db731d4-3b9b-4857-ba7e-6765020464d8,lever,2026-08-17,2026-08-15,https://jobs.lever.co/dnb/6db731d4-3b9b-4857-ba7e-6765020464d8,https://jobs.lever.co/dnb/6db731d4-3b9b-4857-ba7e-6765020464d8
ccc0d678-1ab0-43f8-ac94-ba8768917737,lever,2026-08-17,2026-08-15,https://jobs.lever.co/dnb/ccc0d678-1ab0-43f8-ac94-ba8768917737,https://jobs.lever.co/dnb/ccc0d678-1ab0-43f8-ac94-ba8768917737
f40228f0-6806-4ecc-8e92-3e2a89741120,lever,2026-08-17,2026-08-15,https://jobs.lever.co/dnb/f40228f0-6806-4ecc-8e92-3e2a89741120,https://jobs.lever.co/dnb/f40228f0-6806-4ecc-8e92-3e2a89741120
21a13f89-4c9d-4393-8fe9-a78f8f97ffde,lever,2026-08-17,2026-08-15,https://jobs.lever.co/dnb/21a13f89-4c9d-4393-8fe9-a78f8f97ffde,https://jobs.lever.co/dnb/21a13f89-4c9d-4393-8fe9-a78f8f97ffde
46e3226d-fd85-4297-936b-d0cee92bc183,lever,2026-08-17,2026-08-15,https://jobs.lever.co/dnb/46e3226d-fd85-4297-936b-d0cee92bc183,https://jobs.lever.co/dnb/46e3226d-fd85-4297-936b-d0cee92bc183
2a29a005-1ec7-4c2d-8f68-cbc2775614be,lever,2026-08-17,2026-08-15,https://jobs.lever.co/dnb/2a29a005-1ec7-4c2d-8f68-cbc2775614be,https://jobs.lever.co/dnb/2a29a005-1ec7-4c2d-8f68-cbc2775614be
33efc361-de00-42a5-935b-da95b07df85e,lever,2026-08-17,2026-08-15,https://jobs.lever.co/dnb/33efc361-de00-42a5-935b-da95b07df85e,https://jobs.lever.co/dnb/33efc361-de00-42a5-935b-da95b07df85e
4677261b-2c12-4357-b590-1d86f8aeeb5a,lever,2026-08-17,2026-08-15,https://jobs.lever.co/dnb/4677261b-2c12-4357-b590-1d86f8aeeb5a,https://jobs.lever.co/dnb/4677261b-2c12-4357-b590-1d86f8aeeb5a
75906180-8774-49f8-ab77-5f0388cef53d,lever,2026-08-17,2026-08-15,https://jobs.lever.co/dnb/75906180-8774-49f8-ab77-5f0388cef53d,https://jobs.lever.co/dnb/75906180-8774-49f8-ab77-5f0388cef53d
69d0e95f-8d64-4034-8078-e22e1c17b4de,lever,2026-08-17,2026-08-15,https://jobs.lever.co/dnb/69d0e95f-8d64-4034-8078-e22e1c17b4de,https://jobs.lever.co/dnb/69d0e95f-8d64-4034-8078-e22e1c17b4de
dd729b36-77f6-495b-b3ae-8631e270bfe9,lever,2026-08-17,2026-08-15,https://jobs.lever.co/dnb/dd729b36-77f6-495b-b3ae-8631e270bfe9,https://jobs.lever.co/dnb/dd729b36-77f6-495b-b3ae-8631e270bfe9
ebd57c2f-4ca5-44f0-817f-3ec2f7b83c38,lever,2026-08-17,2026-08-15,https://jobs.lever.co/dnb/ebd57c2f-4ca5-44f0-817f-3ec2f7b83c38,https://jobs.lever.co/dnb/ebd57c2f-4ca5-44f0-817f-3ec2f7b83c38
b4bebffb-f5e8-4276-a7bd-265e69312ac8,lever,2026-08-17,2026-08-15,https://jobs.lever.co/dnb/b4bebffb-f5e8-4276-a7bd-265e69312ac8,https://jobs.lever.co/dnb/b4bebffb-f5e8-4276-a7bd-265e69312ac8
f0508c14-499c-4094-b58c-94dcafb9a452,lever,2026-08-17,2026-08-15,https://jobs.lever.co/dnb/f0508c14-499c-4094-b58c-94dcafb9a452,https://jobs.lever.co/dnb/f0508c14-499c-4094-b58c-94dcafb9a452
2060c2a8-53b6-49bd-8520-44a83398c402,lever,2026-08-17,2026-08-15,https://jobs.lever.co/dnb/2060c2a8-53b6-49bd-8520-44a83398c402,https://jobs.lever.co/dnb/2060c2a8-53b6-49bd-8520-44a83398c402
410c4a06-4dd5-42e2-91af-9972538cc7df,lever,2026-08-17,2026-08-15,https://jobs.lever.co/dnb/410c4a06-4dd5-42e2-91af-9972538cc7df,https://jobs.lever.co/dnb/410c4a06-4dd5-42e2-91af-9972538cc7df
74d62d67-481e-4a0c-a24a-f99e8c74e56c,lever,2026-08-17,2026-08-15,https://jobs.lever.co/dnb/74d62d67-481e-4a0c-a24a-f99e8c74e56c,https://jobs.lever.co/dnb/74d62d67-481e-4a0c-a24a-f99e8c74e56c
8baa5b8e-1534-4f65-9403-40c5c405f289,lever,2026-08-17,2026-08-15,https://jobs.lever.co/dnb/8baa5b8e-1534-4f65-9403-40c5c405f289,https://jobs.lever.co/dnb/8baa5b8e-1534-4f65-9403-40c5c405f289
48a0b95a-b64d-4586-8598-1b7fc47b2394,lever,2026-08-17,2026-08-15,https://jobs.lever.co/dnb/48a0b95a-b64d-4586-8598-1b7fc47b2394,https://jobs.lever.co/dnb/48a0b95a-b64d-4586-8598-1b7fc47b2394
85bdfae2-74bc-4032-9151-436608cedd04,lever,2026-08-17,2026-08-15,https://jobs.lever.co/dnb/85bdfae2-74bc-4032-9151-436608cedd04,https://jobs.lever.co/dnb/85bdfae2-74bc-4032-9151-436608cedd04
d4c683a7-f776-437c-b95a-0a0b8c079487,lever,2026-08-17,2026-08-15,https://jobs.lever.co/dnb/d4c683a7-f776-437c-b95a-0a0b8c079487,https://jobs.lever.co/dnb/d4c683a7-f776-437c-b95a-0a0b8c079487
edbaeb94-8ce8-4dac-8a86-a1237f801944,lever,2026-08-17,2026-08-15,https://jobs.lever.co/dnb/edbaeb94-8ce8-4dac-8a86-a1237f801944,https://jobs.lever.co/dnb/edbaeb94-8ce8-4dac-8a86-a1237f801944
05632977-47fb-4de5-824e-9376321333a7,lever,2026-08-17,2026-08-15,https://jobs.lever.co/dnb/05632977-47fb-4de5-824e-9376321333a7,https://jobs.lever.co/dnb/05632977-47fb-4de5-824e-9376321333a7
b1991d95-5077-41e8-a0c7-2b56d2a2849a,lever,2026-08-17,2026-08-15,https://jobs.lever.co/dnb/b1991d95-5077-41e8-a0c7-2b56d2a2849a,https://jobs.lever.co/dnb/b1991d95-5077-41e8-a0c7-2b56d2a2849a
96b473af-c547-4003-9e1f-4b3b57e3d6e3,lever,2026-08-17,2026-08-15,https://jobs.lever.co/dnb/96b473af-c547-4003-9e1f-4b3b57e3d6e3,https://jobs.lever.co/dnb/96b473af-c547-4003-9e1f-4b3b57e3d6e3
a4245d1a-224a-4d6a-85c4-8b0697fddda4,lever,2026-08-17,2026-08-15,https://jobs.lever.co/dnb/a4245d1a-224a-4d6a-85c4-8b0697fddda4,https://jobs.lever.co/dnb/a4245d1a-224a-4d6a-85c4-8b0697fddda4
cbfa3c3d-a2fe-4635-8aef-2431920fed55,lever,2026-08-17,2026-08-15,https://jobs.lever.co/dnb/cbfa3c3d-a2fe-4635-8aef-2431920fed55,https://jobs.lever.co/dnb/cbfa3c3d-a2fe-4635-8aef-2431920fed55
e4e36c58-ad5a-410a-ad76-1cbcc5c3a1e1,lever,2026-08-17,2026-08-15,https://jobs.lever.co/dnb/e4e36c58-ad5a-410a-ad76-1cbcc5c3a1e1,https://jobs.lever.co/dnb/e4e36c58-ad5a-410a-ad76-1cbcc5c3a1e1
fcb14739-c01c-41d9-a170-dec5f77d1465,lever,2026-08-17,2026-08-15,https://jobs.lever.co/dnb/fcb14739-c01c-41d9-a170-dec5f77d1465,https://jobs.lever.co/dnb/fcb14739-c01c-41d9-a170-dec5f77d1465
15b7a0ec-2c39-469a-b0e2-4bb756a13f8e,lever,2026-08-17,2026-08-15,https://jobs.lever.co/dnb/15b7a0ec-2c39-469a-b0e2-4bb756a13f8e,https://jobs.lever.co/dnb/15b7a0ec-2c39-469a-b0e2-4bb756a13f8e
3bf9cde7-fafd-4341-862c-b5970a92343e,lever,2026-08-17,2026-08-15,https://jobs.lever.co/dnb/3bf9cde7-fafd-4341-862c-b5970a92343e,https://jobs.lever.co/dnb/3bf9cde7-fafd-4341-862c-b5970a92343e
c216f13d-af4a-4896-93cb-f3c59f156368,lever,2026-08-17,2026-08-15,https://jobs.lever.co/dnb/c216f13d-af4a-4896-93cb-f3c59f156368,https://jobs.lever.co/dnb/c216f13d-af4a-4896-93cb-f3c59f156368
9c38eb3f-7d8d-4ed5-9d25-91c82a0d4321,lever,2026-08-17,2026-08-15,https://jobs.lever.co/dnb/9c38eb3f-7d8d-4ed5-9d25-91c82a0d4321,https://jobs.lever.co/dnb/9c38eb3f-7d8d-4ed5-9d25-91c82a0d4321
725c8e1f-01fe-452f-a70d-b0a9553b2a8c,lever,2026-08-17,2026-08-15,https://jobs.lever.co/dnb/725c8e1f-01fe-452f-a70d-b0a9553b2a8c,https://jobs.lever.co/dnb/725c8e1f-01fe-452f-a70d-b0a9553b2a8c
beb0380d-bad3-4379-9a32-af784171f95c,lever,2026-08-17,2026-08-15,https://jobs.lever.co/dnb/beb0380d-bad3-4379-9a32-af784171f95c,https://jobs.lever.co/dnb/beb0380d-bad3-4379-9a32-af784171f95c
3e62d98f-c573-4fe8-8b93-b2194ce50886,lever,2026-08-17,2026-08-15,https://jobs.lever.co/dnb/3e62d98f-c573-4fe8-8b93-b2194ce50886,https://jobs.lever.co/dnb/3e62d98f-c573-4fe8-8b93-b2194ce50886
44a1b2bf-4803-4f68-8c3e-95a134e27c18,lever,2026-08-17,2026-08-15,https://jobs.lever.co/dnb/44a1b2bf-4803-4f68-8c3e-95a134e27c18,https://jobs.lever.co/dnb/44a1b2bf-4803-4f68-8c3e-95a134e27c18
7efe121f-0a9d-4a45-966b-dcd8541f42a5,lever,2026-08-17,2026-08-15,https://jobs.lever.co/dnb/7efe121f-0a9d-4a45-966b-dcd8541f42a5,https://jobs.lever.co/dnb/7efe121f-0a9d-4a45-966b-dcd8541f42a5
50ae27ce-d44f-444e-8bf3-1c7da7d61758,lever,2026-08-17,2026-08-15,https://jobs.lever.co/dnb/50ae27ce-d44f-444e-8bf3-1c7da7d61758,https://jobs.lever.co/dnb/50ae27ce-d44f-444e-8bf3-1c7da7d61758
7a49ceed-d172-48ce-a9c8-cbe31317ffd2,lever,2026-08-17,2026-08-15,https://jobs.lever.co/dnb/7a49ceed-d172-48ce-a9c8-cbe31317ffd2,https://jobs.lever.co/dnb/7a49ceed-d172-48ce-a9c8-cbe31317ffd2
e0b93847-09c8-4ae9-9dbf-0c9113799ace,lever,2026-08-17,2026-08-15,https://jobs.lever.co/dnb/e0b93847-09c8-4ae9-9dbf-0c9113799ace,https://jobs.lever.co/dnb/e0b93847-09c8-4ae9-9dbf-0c9113799ace
df458bd0-3c6f-4784-9e6e-906bab7c5ba1,lever,2026-08-17,2026-08-15,https://jobs.lever.co/dnb/df458bd0-3c6f-4784-9e6e-906bab7c5ba1,https://jobs.lever.co/dnb/df458bd0-3c6f-4784-9e6e-906bab7c5ba1
79db0671-dc4c-47e5-b69a-5aaafbc288d5,lever,2026-08-17,2026-08-15,https://jobs.lever.co/dnb/79db0671-dc4c-47e5-b69a-5aaafbc288d5,https://jobs.lever.co/dnb/79db0671-dc4c-47e5-b69a-5aaafbc288d5
12c23c21-203f-45a0-b509-1b46c3e2d40e,lever,2026-08-17,2026-08-15,https://jobs.lever.co/dnb/12c23c21-203f-45a0-b509-1b46c3e2d40e,https://jobs.lever.co/dnb/12c23c21-203f-45a0-b509-1b46c3e2d40e
7786be01-b2ac-4403-919e-708ee2a2def2,lever,2026-08-17,2026-08-15,https://jobs.lever.co/dnb/7786be01-b2ac-4403-919e-708ee2a2def2,https://jobs.lever.co/dnb/7786be01-b2ac-4403-919e-708ee2a2def2
c296cc4e-9fd2-4187-b1f0-3e7b485ac5b5,lever,2026-08-17,2026-08-15,https://jobs.lever.co/dnb/c296cc4e-9fd2-4187-b1f0-3e7b485ac5b5,https://jobs.lever.co/dnb/c296cc4e-9fd2-4187-b1f0-3e7b485ac5b5
fe4dc39c-e2db-4081-9f15-021eb058515d,lever,2026-08-17,2026-08-15,https://jobs.lever.co/dnb/fe4dc39c-e2db-4081-9f15-021eb058515d,https://jobs.lever.co/dnb/fe4dc39c-e2db-4081-9f15-021eb058515d
78c46ef7-d392-4125-a8a6-094c9241c46a,lever,2026-08-17,2026-08-15,https://jobs.lever.co/dnb/78c46ef7-d392-4125-a8a6-094c9241c46a,https://jobs.lever.co/dnb/78c46ef7-d392-4125-a8a6-094c9241c46a
02226878-8370-44fb-9c2f-13bbd42f2071,lever,2026-08-17,2026-08-15,https://jobs.lever.co/dnb/02226878-8370-44fb-9c2f-13bbd42f2071,https://jobs.lever.co/dnb/02226878-8370-44fb-9c2f-13bbd42f2071
f48f3c65-f620-4b24-a8fc-0af53ffb4afe,lever,2026-08-17,2026-08-15,https://jobs.lever.co/dnb/f48f3c65-f620-4b24-a8fc-0af53ffb4afe,https://jobs.lever.co/dnb/f48f3c65-f620-4b24-a8fc-0af53ffb4afe
e2e6a672-67d4-467a-809c-03bd7cc2a012,lever,2026-08-17,2026-08-15,https://jobs.lever.co/dnb/e2e6a672-67d4-467a-809c-03bd7cc2a012,https://jobs.lever.co/dnb/e2e6a672-67d4-467a-809c-03bd7cc2a012
cddf7541-74b8-4211-bd4a-8cc26b072276,lever,2026-08-17,2026-08-15,https://jobs.lever.co/dnb/cddf7541-74b8-4211-bd4a-8cc26b072276,https://jobs.lever.co/dnb/cddf7541-74b8-4211-bd4a-8cc26b072276
d2cb7f8f-842e-44ad-a823-a0d9c259729a,lever,2026-08-17,2026-08-15,https://jobs.lever.co/dnb/d2cb7f8f-842e-44ad-a823-a0d9c259729a,https://jobs.lever.co/dnb/d2cb7f8f-842e-44ad-a823-a0d9c259729a
1b16edfb-e653-4f9c-ab86-45e3eba74d33,lever,2026-08-17,2026-08-15,https://jobs.lever.co/dnb/1b16edfb-e653-4f9c-ab86-45e3eba74d33,https://jobs.lever.co/dnb/1b16edfb-e653-4f9c-ab86-45e3eba74d33
88c030bd-b1e3-41bd-bc2c-2ab34f03a055,lever,2026-08-17,2026-08-15,https://jobs.lever.co/dnb/88c030bd-b1e3-41bd-bc2c-2ab34f03a055,https://jobs.lever.co/dnb/88c030bd-b1e3-41bd-bc2c-2ab34f03a055
29f8892c-e0fe-4bb0-a1c1-5c19be4698e9,lever,2026-08-17,2026-08-15,https://jobs.lever.co/drivetrain/29f8892c-e0fe-4bb0-a1c1-5c19be4698e9,https://jobs.lever.co/drivetrain/29f8892c-e0fe-4bb0-a1c1-5c19be4698e9
2f8c41fc-4f33-4f35-beba-a4ac5c07330b,lever,2026-08-17,2026-08-15,https://jobs.lever.co/drivetrain/2f8c41fc-4f33-4f35-beba-a4ac5c07330b,https://jobs.lever.co/drivetrain/2f8c41fc-4f33-4f35-beba-a4ac5c07330b
f70cc800-2b65-460f-879a-9623ea2ed7d2,lever,2026-08-17,2026-08-15,https://jobs.lever.co/drivetrain/f70cc800-2b65-460f-879a-9623ea2ed7d2,https://jobs.lever.co/drivetrain/f70cc800-2b65-460f-879a-9623ea2ed7d2
83c03c6e-ab58-4760-b5eb-152ad46c7dee,lever,2026-08-17,2026-08-15,https://jobs.lever.co/drivetrain/83c03c6e-ab58-4760-b5eb-152ad46c7dee,https://jobs.lever.co/drivetrain/83c03c6e-ab58-4760-b5eb-152ad46c7dee
e1d2e2b2-d9a5-40f6-b3c7-fbc75a715608,lever,2026-08-17,2026-08-15,https://jobs.lever.co/drivetrain/e1d2e2b2-d9a5-40f6-b3c7-fbc75a715608,https://jobs.lever.co/drivetrain/e1d2e2b2-d9a5-40f6-b3c7-fbc75a715608
e2aafad8-a785-4515-9e3f-2b4981b727b8,lever,2026-08-17,2026-08-15,https://jobs.lever.co/drivetrain/e2aafad8-a785-4515-9e3f-2b4981b727b8,https://jobs.lever.co/drivetrain/e2aafad8-a785-4515-9e3f-2b4981b727b8
f0d0eb73-6a2f-4ebf-9864-7891539f4668,lever,2026-08-17,2026-08-15,https://jobs.lever.co/drivetrain/f0d0eb73-6a2f-4ebf-9864-7891539f4668,https://jobs.lever.co/drivetrain/f0d0eb73-6a2f-4ebf-9864-7891539f4668
7c194c7d-4bbf-41cc-9dea-e0db2d2b2032,lever,2026-08-17,2026-08-15,https://jobs.lever.co/drivetrain/7c194c7d-4bbf-41cc-9dea-e0db2d2b2032,https://jobs.lever.co/drivetrain/7c194c7d-4bbf-41cc-9dea-e0db2d2b2032
01cd2a2f-cc4a-471e-9fc7-b812d503f9bc,lever,2026-08-17,2026-08-15,https://jobs.lever.co/drivetrain/01cd2a2f-cc4a-471e-9fc7-b812d503f9bc,https://jobs.lever.co/drivetrain/01cd2a2f-cc4a-471e-9fc7-b812d503f9bc
253d1b83-95fe-4d49-9114-4b9180cec220,lever,2026-08-17,2026-08-15,https://jobs.lever.co/drivetrain/253d1b83-95fe-4d49-9114-4b9180cec220,https://jobs.lever.co/drivetrain/253d1b83-95fe-4d49-9114-4b9180cec220
7266784e-530b-4eb5-a61b-b09557f6e98d,lever,2026-08-17,2026-08-15,https://jobs.lever.co/drivetrain/7266784e-530b-4eb5-a61b-b09557f6e98d,https://jobs.lever.co/drivetrain/7266784e-530b-4eb5-a61b-b09557f6e98d
bc1c17bc-86ac-4f00-a1e3-0eb85aae4fdc,lever,2026-08-17,2026-08-15,https://jobs.lever.co/drivetrain/bc1c17bc-86ac-4f00-a1e3-0eb85aae4fdc,https://jobs.lever.co/drivetrain/bc1c17bc-86ac-4f00-a1e3-0eb85aae4fdc
5ebd7e09-3f2b-4c53-a0be-0649bdd84842,lever,2026-08-17,2026-08-15,https://jobs.lever.co/drivetrain/5ebd7e09-3f2b-4c53-a0be-0649bdd84842,https://jobs.lever.co/drivetrain/5ebd7e09-3f2b-4c53-a0be-0649bdd84842
cd39cc4e-056e-444c-8c17-9f97e34ddbce,lever,2026-08-17,2026-08-15,https://jobs.lever.co/drivetrain/cd39cc4e-056e-444c-8c17-9f97e34ddbce,https://jobs.lever.co/drivetrain/cd39cc4e-056e-444c-8c17-9f97e34ddbce
492f04c7-1238-4557-8513-54147deac1f2,lever,2026-08-17,2026-08-15,https://jobs.lever.co/drivetrain/492f04c7-1238-4557-8513-54147deac1f2,https://jobs.lever.co/drivetrain/492f04c7-1238-4557-8513-54147deac1f2
4d6be8c0-0380-4243-9969-8d946aee096f,lever,2026-08-17,2026-08-15,https://jobs.lever.co/drivetrain/4d6be8c0-0380-4243-9969-8d946aee096f,https://jobs.lever.co/drivetrain/4d6be8c0-0380-4243-9969-8d946aee096f
49078840-f419-4831-9f14-2e397cacdabc,lever,2026-08-17,2026-08-15,https://jobs.lever.co/drivetrain/49078840-f419-4831-9f14-2e397cacdabc,https://jobs.lever.co/drivetrain/49078840-f419-4831-9f14-2e397cacdabc
9cfa56f1-a42b-41c6-b48a-03ee46f6b1ca,lever,2026-08-17,2026-08-15,https://jobs.lever.co/drivetrain/9cfa56f1-a42b-41c6-b48a-03ee46f6b1ca,https://jobs.lever.co/drivetrain/9cfa56f1-a42b-41c6-b48a-03ee46f6b1ca
12f4d396-83dd-466b-89ca-eb7ce9fa4194,lever,2026-08-17,2026-08-15,https://jobs.lever.co/drivetrain/12f4d396-83dd-466b-89ca-eb7ce9fa4194,https://jobs.lever.co/drivetrain/12f4d396-83dd-466b-89ca-eb7ce9fa4194
ba7f3003-5832-41c8-accd-3f5a174d68d6,lever,2026-08-17,2026-08-15,https://jobs.lever.co/drivetrain/ba7f3003-5832-41c8-accd-3f5a174d68d6,https://jobs.lever.co/drivetrain/ba7f3003-5832-41c8-accd-3f5a174d68d6
47a21fb7-a1fa-4852-ba68-57bd5ba47be0,lever,2026-08-17,2026-08-15,https://jobs.lever.co/drivetrain/47a21fb7-a1fa-4852-ba68-57bd5ba47be0,https://jobs.lever.co/drivetrain/47a21fb7-a1fa-4852-ba68-57bd5ba47be0
edb8a8f7-16ac-4177-bf2e-99c36ab47d5f,lever,2026-08-17,2026-08-15,https://jobs.lever.co/drivetrain/edb8a8f7-16ac-4177-bf2e-99c36ab47d5f,https://jobs.lever.co/drivetrain/edb8a8f7-16ac-4177-bf2e-99c36ab47d5f
6a56a48c-32e0-43ee-ac4b-b6638c83f81f,lever,2026-08-17,2026-08-15,https://jobs.lever.co/drivetrain/6a56a48c-32e0-43ee-ac4b-b6638c83f81f,https://jobs.lever.co/drivetrain/6a56a48c-32e0-43ee-ac4b-b6638c83f81f
b489fddb-b9cf-4e7b-a812-8d859739a7d9,lever,2026-08-17,2026-08-15,https://jobs.lever.co/drivetrain/b489fddb-b9cf-4e7b-a812-8d859739a7d9,https://jobs.lever.co/drivetrain/b489fddb-b9cf-4e7b-a812-8d859739a7d9
9abcf3e0-3893-47f5-800f-b920c6c930ed,lever,2026-08-17,2026-08-15,https://jobs.lever.co/drivetrain/9abcf3e0-3893-47f5-800f-b920c6c930ed,https://jobs.lever.co/drivetrain/9abcf3e0-3893-47f5-800f-b920c6c930ed
d1bc29ad-d0aa-47c8-8785-1094f279ccff,lever,2026-08-17,2026-08-15,https://jobs.lever.co/drivetrain/d1bc29ad-d0aa-47c8-8785-1094f279ccff,https://jobs.lever.co/drivetrain/d1bc29ad-d0aa-47c8-8785-1094f279ccff
19a2250b-2c65-451b-b18c-e714aedacb36,lever,2026-08-17,2026-08-15,https://jobs.lever.co/drivetrain/19a2250b-2c65-451b-b18c-e714aedacb36,https://jobs.lever.co/drivetrain/19a2250b-2c65-451b-b18c-e714aedacb36
c677fe8d-8f9d-483e-b523-62c77e1a0fb7,lever,2026-08-17,2026-08-15,https://jobs.lever.co/drivetrain/c677fe8d-8f9d-483e-b523-62c77e1a0fb7,https://jobs.lever.co/drivetrain/c677fe8d-8f9d-483e-b523-62c77e1a0fb7
0d26b224-9643-4be7-aade-7fa2e0e53ec1,lever,2026-08-17,2026-08-15,https://jobs.lever.co/drivetrain/0d26b224-9643-4be7-aade-7fa2e0e53ec1,https://jobs.lever.co/drivetrain/0d26b224-9643-4be7-aade-7fa2e0e53ec1
438b9c83-5a4d-4774-aebe-29a75c29351c,lever,2026-08-17,2026-08-15,https://jobs.lever.co/drivetrain/438b9c83-5a4d-4774-aebe-29a75c29351c,https://jobs.lever.co/drivetrain/438b9c83-5a4d-4774-aebe-29a75c29351c
ad7869b5-1d27-4ed6-87c3-5b540bd57214,lever,2026-08-17,2026-08-15,https://jobs.lever.co/drivetrain/ad7869b5-1d27-4ed6-87c3-5b540bd57214,https://jobs.lever.co/drivetrain/ad7869b5-1d27-4ed6-87c3-5b540bd57214
c414068b-9874-4276-bd23-e30273e0d52f,lever,2026-08-17,2026-08-15,https://jobs.lever.co/drivetrain/c414068b-9874-4276-bd23-e30273e0d52f,https://jobs.lever.co/drivetrain/c414068b-9874-4276-bd23-e30273e0d52f
b9e04bf6-425a-485e-bdad-0bdf0da63b57,lever,2026-08-17,2026-08-15,https://jobs.lever.co/drivetrain/b9e04bf6-425a-485e-bdad-0bdf0da63b57,https://jobs.lever.co/drivetrain/b9e04bf6-425a-485e-bdad-0bdf0da63b57
6d58b4e3-2488-4fe0-82b8-8ca823d43b6a,lever,2026-08-17,2026-08-15,https://jobs.lever.co/drivetrain/6d58b4e3-2488-4fe0-82b8-8ca823d43b6a,https://jobs.lever.co/drivetrain/6d58b4e3-2488-4fe0-82b8-8ca823d43b6a
98385cf5-dc17-431d-9848-d52492eee158,lever,2026-08-17,2026-08-15,https://jobs.lever.co/drivetrain/98385cf5-dc17-431d-9848-d52492eee158,https://jobs.lever.co/drivetrain/98385cf5-dc17-431d-9848-d52492eee158
